GROUP,PACKAGE,CLASS,INSTRUCTION_MISSED,INSTRUCTION_COVERED,BRANCH_MISSED,BRANCH_COVERED,LINE_MISSED,LINE_COVERED,COMPLEXITY_MISSED,COMPLEXITY_COVERED,METHOD_MISSED,METHOD_COVERED
jiangou,com.jiangou.snippet.service,SnippetService,548,0,38,0,116,0,36,0,17,0
jiangou,com.jiangou.snippet.service,SnippetLikeService,83,0,8,0,18,0,8,0,4,0
jiangou,com.jiangou.auth.service,EmailCodeService.Purpose,37,0,0,0,7,0,3,0,3,0
jiangou,com.jiangou.auth.service,EmailCodeService,596,0,30,0,100,0,36,0,21,0
jiangou,com.jiangou.auth.service,CaptchaService,263,0,16,0,46,0,16,0,8,0
jiangou,com.jiangou.auth.service,GitHubOAuthService,733,0,52,0,153,0,38,0,12,0
jiangou,com.jiangou.auth.service,E2eCaptchaService,9,0,0,0,3,0,2,0,2,0
jiangou,com.jiangou.auth.service,AuthService,326,0,34,0,75,0,29,0,12,0
jiangou,com.jiangou.auth.service,UserAuthService,359,0,26,0,81,0,25,0,12,0
jiangou,com.jiangou.system.vo,HomeVO.HomeVOBuilder,74,0,0,0,1,0,8,0,8,0
jiangou,com.jiangou.system.vo,HomeVO,274,0,46,0,7,0,39,0,16,0
jiangou,com.jiangou.webmention.controller,WebmentionAdminController,14,0,0,0,4,0,2,0,2,0
jiangou,com.jiangou.webmention.controller,WebmentionController,18,0,0,0,5,0,2,0,2,0
jiangou,com.jiangou.webmention.service,WebmentionService,159,0,8,0,40,0,9,0,5,0
jiangou,com.jiangou.webmention.service,WebmentionVerificationWorker,130,0,14,0,37,0,11,0,4,0
jiangou,com.jiangou.user.dto,UserUpdateDTO,189,23,38,0,0,5,25,7,6,7
jiangou,com.jiangou.article.dto,CreateArticleDTO,470,0,86,0,11,0,68,0,25,0
jiangou,com.jiangou.article.dto,LikeDTO,83,0,14,0,2,0,14,0,7,0
jiangou,com.jiangou.article.dto,UpdateArticleDTO,470,0,86,0,11,0,68,0,25,0
jiangou,com.jiangou,JiangouApplication,5,3,0,0,2,1,1,1,1,1
jiangou,com.jiangou.user.controller,UserAdminController,38,0,0,0,9,0,4,0,4,0
jiangou,com.jiangou.security,JsonAccessDeniedHandler,13,0,0,0,5,0,2,0,2,0
jiangou,com.jiangou.security,JwtTokenBlacklistService,125,0,6,0,23,0,9,0,6,0
jiangou,com.jiangou.security,RequestIdFilter,30,3,4,0,8,1,3,1,1,1
jiangou,com.jiangou.security,AuthUserCacheInvalidator,4,60,3,7,3,19,3,6,0,4
jiangou,com.jiangou.security,AuthUserCacheService,287,0,18,0,60,0,17,0,8,0
jiangou,com.jiangou.security,AuthUserCacheEvictEvent,0,13,0,0,0,4,0,2,0,2
jiangou,com.jiangou.security,PrometheusAccessEvaluator,97,0,32,0,24,0,19,0,3,0
jiangou,com.jiangou.security,CsrfCookieService,99,0,12,0,27,0,13,0,7,0
jiangou,com.jiangou.security,ClientIpResolver,65,0,14,0,16,0,11,0,4,0
jiangou,com.jiangou.security,AdminAccessEvaluator,75,0,10,0,12,0,8,0,3,0
jiangou,com.jiangou.security,AuthUserCacheInvalidationListener,0,23,0,2,0,7,0,3,0,2
jiangou,com.jiangou.security,CsrfFilter,66,21,10,0,17,5,6,2,1,2
jiangou,com.jiangou.security,JwtAuthenticationFilter,138,32,19,1,36,11,13,2,3,2
jiangou,com.jiangou.security,AuthTokenResolver,22,0,4,0,6,0,4,0,2,0
jiangou,com.jiangou.security,JwtTokenProvider,161,0,8,0,44,0,13,0,9,0
jiangou,com.jiangou.security,SecurityUserDetailsService,150,0,8,0,30,0,10,0,6,0
jiangou,com.jiangou.security,RateLimitFilter,238,12,70,0,59,5,39,1,4,1
jiangou,com.jiangou.security,JsonAuthenticationEntryPoint,41,0,0,0,12,0,4,0,4,0
jiangou,com.jiangou.security,SecurityConfig,411,0,2,0,55,0,4,0,3,0
jiangou,com.jiangou.security,AuthCookieService,115,0,6,0,30,0,11,0,8,0
jiangou,com.jiangou.security,SecurityUtils,30,0,6,0,8,0,5,0,2,0
jiangou,com.jiangou.common.cache,RedisCacheHelper,28,0,0,0,8,0,4,0,4,0
jiangou,com.jiangou.category.vo,CategoryVO.CategoryVOBuilder,74,0,0,0,1,0,8,0,8,0
jiangou,com.jiangou.category.vo,CategoryVO,274,0,46,0,7,0,39,0,16,0
jiangou,com.jiangou.upload.entity,AttachmentEntity,685,0,126,0,16,0,98,0,35,0
jiangou,com.jiangou.subscription.service,NewsletterDispatchService,25,0,0,0,9,0,3,0,3,0
jiangou,com.jiangou.subscription.service,SubscriptionService,411,97,26,8,84,27,21,7,7,4
jiangou,com.jiangou.auth.dto,LogoutDTO,83,0,14,0,2,0,14,0,7,0
jiangou,com.jiangou.auth.dto,SendResetCodeDTO,169,0,30,0,4,0,26,0,11,0
jiangou,com.jiangou.auth.dto,RegisterDTO,298,0,54,0,7,0,44,0,17,0
jiangou,com.jiangou.auth.dto,ResetPasswordDTO,169,0,30,0,4,0,26,0,11,0
jiangou,com.jiangou.auth.dto,LoginDTO,212,0,38,0,5,0,32,0,13,0
jiangou,com.jiangou.auth.dto,OAuthExchangeDTO,83,0,14,0,2,0,14,0,7,0
jiangou,com.jiangou.auth.dto,RefreshDTO,83,0,14,0,2,0,14,0,7,0
jiangou,com.jiangou.auth.dto,SendRegisterCodeDTO,169,0,30,0,4,0,26,0,11,0
jiangou,com.jiangou.friendlink.dto,FriendLinkApplyDTO,255,0,46,0,6,0,38,0,15,0
jiangou,com.jiangou.friendlink.dto,FriendLinkDTO,341,0,62,0,8,0,50,0,19,0
jiangou,com.jiangou.snippet.entity,SnippetEntity,814,0,150,0,19,0,116,0,41,0
jiangou,com.jiangou.upload.controller,AttachmentAdminController,33,0,0,0,9,0,4,0,4,0
jiangou,com.jiangou.comment.controller,CommentController,85,0,0,0,22,0,9,0,9,0
jiangou,com.jiangou.category.entity,CategoryEntity,513,0,94,0,12,0,74,0,27,0
jiangou,com.jiangou.note.entity,NoteEntity,585,14,110,0,12,2,82,4,27,4
jiangou,com.jiangou.subscription.vo,SubscriptionVO.SubscriptionVOBuilder,62,0,0,0,1,0,7,0,7,0
jiangou,com.jiangou.subscription.vo,SubscriptionVO,228,0,38,0,6,0,33,0,14,0
jiangou,com.jiangou.search.util,SearchQueryUtils,44,0,4,0,7,0,6,0,4,0
jiangou,com.jiangou.search.util,SearchMetadataUtils,46,0,8,0,11,0,7,0,3,0
jiangou,com.jiangou.search.entity,SearchDocumentEntity,513,0,94,0,12,0,74,0,27,0
jiangou,com.jiangou.comment.dto,CreateCommentDTO,341,0,62,0,8,0,50,0,19,0
jiangou,com.jiangou.user.entity,RoleEntity,370,14,70,0,7,2,52,4,17,4
jiangou,com.jiangou.user.entity,UserEntity,691,80,142,0,6,12,87,23,16,23
jiangou,com.jiangou.snippet.controller,SnippetPublicController,60,0,0,0,15,0,6,0,6,0
jiangou,com.jiangou.snippet.controller,SnippetAdminController,60,0,0,0,16,0,5,0,5,0
jiangou,com.jiangou.subscription.dto,NewsletterDTO,126,0,22,0,3,0,20,0,9,0
jiangou,com.jiangou.subscription.dto,SubscriptionTokenDTO,73,10,14,0,0,2,11,3,4,3
jiangou,com.jiangou.subscription.dto,SubscribeDTO,83,0,14,0,2,0,14,0,7,0
jiangou,com.jiangou.common.service,RateLimitService,52,0,6,0,9,0,5,0,2,0
jiangou,com.jiangou.common.service,ContentCounterService,401,0,56,0,95,0,44,0,16,0
jiangou,com.jiangou.common.service,LikeCounterService,314,0,38,0,49,0,25,0,6,0
jiangou,com.jiangou.project.service,GitHubSyncService,303,0,16,0,52,0,11,0,3,0
jiangou,com.jiangou.project.service,ProjectService,467,0,26,0,102,0,26,0,13,0
jiangou,com.jiangou.common.util,AuditSupport,41,0,6,0,12,0,6,0,3,0
jiangou,com.jiangou.common.util,UrlSafetyUtils,450,0,106,0,90,0,66,0,13,0
jiangou,com.jiangou.common.util,HtmlSanitizer,207,0,4,0,10,0,4,0,2,0
jiangou,com.jiangou.common.util,MarkdownUtils,260,0,32,0,55,0,24,0,8,0
jiangou,com.jiangou.common.result,ApiResult,170,29,30,0,4,5,25,5,10,5
jiangou,com.jiangou.common.result,PageResult,300,0,50,0,10,0,42,0,17,0
jiangou,com.jiangou.article.controller,ArticlePublicController,69,0,0,0,15,0,7,0,7,0
jiangou,com.jiangou.article.controller,ArticleAdminController,105,0,0,0,21,0,12,0,12,0
jiangou,com.jiangou.tag.entity,TagEntity,470,0,86,0,11,0,68,0,25,0
jiangou,com.jiangou.project.entity,GithubSyncLogEntity,341,0,62,0,8,0,50,0,19,0
jiangou,com.jiangou.project.entity,ProjectEntity,943,0,174,0,22,0,134,0,47,0
jiangou,com.jiangou.tag.vo,TagVO,274,0,46,0,7,0,39,0,16,0
jiangou,com.jiangou.tag.vo,TagVO.TagVOBuilder,74,0,0,0,1,0,8,0,8,0
jiangou,com.jiangou.snippet.dto,SnippetDTO,298,0,54,0,7,0,44,0,17,0
jiangou,com.jiangou.friendlink.service,FriendLinkService,355,0,24,0,86,0,25,0,13,0
jiangou,com.jiangou.user.vo,UserVO,510,40,94,0,12,1,73,2,26,2
jiangou,com.jiangou.user.vo,UserVO.UserVOBuilder,62,84,0,0,0,1,1,13,1,13
jiangou,com.jiangou.article.entity,ArticleEntity,1201,0,222,0,28,0,170,0,59,0
jiangou,com.jiangou.article.entity,ArticleTagEntity,169,0,30,0,4,0,26,0,11,0
jiangou,com.jiangou.article.entity,ArticleVersionEntity,470,0,86,0,11,0,68,0,25,0
jiangou,com.jiangou.project.vo,ProjectVO,734,0,126,0,17,0,99,0,36,0
jiangou,com.jiangou.project.vo,ProjectVO.ProjectVOBuilder,194,0,0,0,1,0,18,0,18,0
jiangou,com.jiangou.tag.dto,TagDTO,212,0,38,0,5,0,32,0,13,0
jiangou,com.jiangou.comment.vo,CommentVO,550,0,94,0,13,0,75,0,28,0
jiangou,com.jiangou.comment.vo,CommentVO.CommentVOBuilder,146,0,0,0,1,0,14,0,14,0
jiangou,com.jiangou.upload.vo,AttachmentVO.AttachmentVOBuilder,110,0,0,0,1,0,11,0,11,0
jiangou,com.jiangou.upload.vo,AttachmentVO,412,0,70,0,10,0,57,0,22,0
jiangou,com.jiangou.note.dto,NoteDTO,126,0,22,0,3,0,20,0,9,0
jiangou,com.jiangou.system.controller,SystemAdminController,47,0,0,0,11,0,5,0,5,0
jiangou,com.jiangou.system.controller,SystemController,27,0,0,0,8,0,4,0,4,0
jiangou,com.jiangou.project.controller,ProjectPublicController,18,0,0,0,5,0,3,0,3,0
jiangou,com.jiangou.project.controller,ProjectAdminController,53,0,0,0,12,0,7,0,7,0
jiangou,com.jiangou.common.exception,ConflictException,6,0,0,0,2,0,1,0,1,0
jiangou,com.jiangou.common.exception,UnauthorizedException,6,0,0,0,2,0,1,0,1,0
jiangou,com.jiangou.common.exception,ForbiddenException,0,6,0,0,0,2,0,1,0,1
jiangou,com.jiangou.common.exception,ValidationException,0,6,0,0,0,2,0,1,0,1
jiangou,com.jiangou.common.exception,GlobalExceptionHandler,89,7,15,0,25,2,16,2,5,2
jiangou,com.jiangou.common.exception,NotFoundException,0,6,0,0,0,2,0,1,0,1
jiangou,com.jiangou.common.exception,BusinessException,3,7,0,0,1,3,1,1,1,1
jiangou,com.jiangou.tag.controller,TagAdminController,30,0,0,0,8,0,5,0,5,0
jiangou,com.jiangou.tag.controller,TagController,17,0,0,0,5,0,3,0,3,0
jiangou,com.jiangou.comment.service,CommentLikeService,117,0,18,0,20,0,13,0,4,0
jiangou,com.jiangou.comment.service,CommentService,860,0,102,0,197,0,70,0,19,0
jiangou,com.jiangou.auth.controller,AuthController,290,0,16,0,72,0,25,0,17,0
jiangou,com.jiangou.schedule.controller,RssAdminController,11,0,0,0,4,0,2,0,2,0
jiangou,com.jiangou.schedule.controller,RssController,10,0,0,0,4,0,2,0,2,0
jiangou,com.jiangou.system.entity,AuditLogEntity,384,0,70,0,9,0,56,0,21,0
jiangou,com.jiangou.system.entity,SystemSettingEntity,262,36,54,0,3,4,34,10,7,10
jiangou,com.jiangou.user.service,UserService,164,378,30,44,33,89,29,24,3,13
jiangou,com.jiangou.user.service,RoleService,212,116,18,8,44,27,23,7,12,5
jiangou,com.jiangou.schedule.service,RssService,194,0,8,0,33,0,8,0,4,0
jiangou,com.jiangou.subscription.entity,SubscriptionEntity,351,33,70,0,6,3,47,9,12,9
jiangou,com.jiangou.auth.vo,AuthVO.AuthVOBuilder,62,0,0,0,1,0,7,0,7,0
jiangou,com.jiangou.auth.vo,AuthVO.UserBriefVO,274,0,46,0,7,0,39,0,16,0
jiangou,com.jiangou.auth.vo,AuthVO,237,0,38,0,10,0,34,0,15,0
jiangou,com.jiangou.auth.vo,CaptchaVO.CaptchaVOBuilder,38,0,0,0,1,0,5,0,5,0
jiangou,com.jiangou.auth.vo,AuthVO.UserBriefVO.UserBriefVOBuilder,74,0,0,0,1,0,8,0,8,0
jiangou,com.jiangou.auth.vo,CaptchaVO,136,0,22,0,4,0,21,0,10,0
jiangou,com.jiangou.search.vo,SearchItemVO,274,0,46,0,7,0,39,0,16,0
jiangou,com.jiangou.search.vo,SearchItemVO.SearchItemVOBuilder,74,0,0,0,1,0,8,0,8,0
jiangou,com.jiangou.config,ProdEnvValidator,57,226,23,39,14,44,21,16,0,6
jiangou,com.jiangou.config,CorsProperties,137,0,18,0,3,0,18,0,9,0
jiangou,com.jiangou.config,MinioConfig.MinioProperties,255,0,46,0,6,0,38,0,15,0
jiangou,com.jiangou.config,StartupSecretGuard,76,0,6,0,11,0,6,0,3,0
jiangou,com.jiangou.config,SearchProperties,139,0,22,0,4,0,21,0,10,0
jiangou,com.jiangou.config,AsyncConfig,43,0,0,0,15,0,3,0,3,0
jiangou,com.jiangou.config,AppConfig,44,0,4,0,12,0,6,0,4,0
jiangou,com.jiangou.config,MyBatisMapperConfig,3,0,0,0,1,0,1,0,1,0
jiangou,com.jiangou.config,AuthProperties,305,0,26,0,10,0,36,0,23,0
jiangou,com.jiangou.config,JwtProperties,181,0,22,0,5,0,24,0,13,0
jiangou,com.jiangou.config,RedisConfig,8,0,0,0,2,0,2,0,2,0
jiangou,com.jiangou.config,SearchProperties.Meilisearch,244,0,34,0,6,0,32,0,15,0
jiangou,com.jiangou.config,OpenApiConfig,36,0,0,0,8,0,2,0,2,0
jiangou,com.jiangou.config,SeedDataRunner,505,0,26,0,128,0,16,0,3,0
jiangou,com.jiangou.config,WebConfig,51,0,2,0,13,0,3,0,2,0
jiangou,com.jiangou.config,MinioConfig,59,0,2,0,16,0,6,0,5,0
jiangou,com.jiangou.config,BootstrapAdminRunner,23,219,11,21,4,52,11,14,0,9
jiangou,com.jiangou.config,GitHubOAuthProperties,266,0,44,0,14,0,39,0,17,0
jiangou,com.jiangou.config,MybatisPlusConfig,15,0,0,0,4,0,2,0,2,0
jiangou,com.jiangou.note.service,NoteService,285,0,10,0,63,0,17,0,12,0
jiangou,com.jiangou.note.service,NoteLikeService,19,54,3,3,2,13,3,3,1,2
jiangou,com.jiangou.subscription.controller,SubscriptionAdminController,38,0,0,0,8,0,3,0,3,0
jiangou,com.jiangou.subscription.controller,SubscriptionController,16,40,0,0,4,11,1,3,1,3
jiangou,com.jiangou.upload.service,UploadService,779,0,100,0,151,0,67,0,17,0
jiangou,com.jiangou.upload.service,UploadService.ImageInfo,21,0,0,0,7,0,4,0,4,0
jiangou,com.jiangou.category.service,CategoryService,343,0,22,0,85,0,20,0,9,0
jiangou,com.jiangou.friendlink.vo,FriendLinkVO.FriendLinkVOBuilder,86,0,0,0,1,0,9,0,9,0
jiangou,com.jiangou.friendlink.vo,FriendLinkVO,320,0,54,0,8,0,45,0,18,0
jiangou,com.jiangou.article.vo,ArticleListItemVO.CategoryBriefVO.CategoryBriefVOBuilder,38,0,0,0,1,0,5,0,5,0
jiangou,com.jiangou.article.vo,ArticleDetailVO.CategoryBrief.CategoryBriefBuilder,38,0,0,0,1,0,5,0,5,0
jiangou,com.jiangou.article.vo,ArticleListItemVO,596,0,102,0,14,0,81,0,30,0
jiangou,com.jiangou.article.vo,ArchiveGroupVO.ArchiveItemVO.ArchiveItemVOBuilder,62,0,0,0,1,0,7,0,7,0
jiangou,com.jiangou.article.vo,ArticleDetailVO,918,0,158,0,21,0,123,0,44,0
jiangou,com.jiangou.article.vo,ArchiveGroupVO,182,0,30,0,5,0,27,0,12,0
jiangou,com.jiangou.article.vo,ArchiveMonthVO,126,0,22,0,3,0,20,0,9,0
jiangou,com.jiangou.article.vo,ArticleVersionDiffVO.DiffLine,139,0,22,0,6,0,22,0,11,0
jiangou,com.jiangou.article.vo,ArchiveArticleRow,298,0,54,0,7,0,44,0,17,0
jiangou,com.jiangou.article.vo,ArticleVersionVO.ArticleVersionVOBuilder,62,0,0,0,1,0,7,0,7,0
jiangou,com.jiangou.article.vo,ArticlePublishResult,15,0,0,0,3,0,3,0,3,0
jiangou,com.jiangou.article.vo,ArticleVersionVO,231,0,38,0,8,0,34,0,15,0
jiangou,com.jiangou.article.vo,ArticleDetailVO.CategoryBrief,136,0,22,0,4,0,21,0,10,0
jiangou,com.jiangou.article.vo,TocItemVO.TocItemVOBuilder,50,0,0,0,1,0,6,0,6,0
jiangou,com.jiangou.article.vo,ArticleVersionDiffVO.DiffLine.DiffLineBuilder,38,0,0,0,1,0,5,0,5,0
jiangou,com.jiangou.article.vo,ArticleListItemVO.ArticleListItemVOBuilder,158,0,0,0,1,0,15,0,15,0
jiangou,com.jiangou.article.vo,ArticleVersionDiffVO.ArticleVersionDiffVOBuilder,50,0,0,0,1,0,6,0,6,0
jiangou,com.jiangou.article.vo,ArchiveGroupVO.ArchiveGroupVOBuilder,50,0,0,0,1,0,6,0,6,0
jiangou,com.jiangou.article.vo,ArchiveGroupVO.ArchiveItemVO,228,0,38,0,6,0,33,0,14,0
jiangou,com.jiangou.article.vo,ArticleDetailVO.ArticleDetailVOBuilder,242,0,0,0,1,0,22,0,22,0
jiangou,com.jiangou.article.vo,ArticleListItemVO.CategoryBriefVO,136,0,22,0,4,0,21,0,10,0
jiangou,com.jiangou.article.vo,ArticleVersionDiffVO,185,0,30,0,7,0,28,0,13,0
jiangou,com.jiangou.article.vo,TocItemVO,168,0,24,0,7,0,25,0,13,0
jiangou,com.jiangou.friendlink.controller,FriendLinkAdminController,83,0,0,0,20,0,7,0,7,0
jiangou,com.jiangou.friendlink.controller,FriendLinkPublicController,17,0,0,0,5,0,3,0,3,0
jiangou,com.jiangou.article.service,ArticleService,2154,0,226,0,482,0,167,0,54,0
jiangou,com.jiangou.article.service,ArticleLikeService,73,0,6,0,15,0,6,0,3,0
jiangou,com.jiangou.article.service,ArticleAdminWorkflowService,114,0,2,0,30,0,8,0,7,0
jiangou,com.jiangou.note.vo,NoteVO,366,0,62,0,9,0,51,0,20,0
jiangou,com.jiangou.note.vo,NoteVO.NoteVOBuilder,98,0,0,0,1,0,10,0,10,0
jiangou,com.jiangou.category.dto,CategoryDTO,255,0,46,0,6,0,38,0,15,0
jiangou,com.jiangou.snippet.vo,SnippetVO.SnippetVOBuilder,146,0,0,0,1,0,14,0,14,0
jiangou,com.jiangou.snippet.vo,SnippetVO,550,0,94,0,13,0,75,0,28,0
jiangou,com.jiangou.comment.entity,CommentEntity,986,0,182,0,23,0,140,0,49,0
jiangou,com.jiangou.category.controller,CategoryController,17,0,0,0,5,0,3,0,3,0
jiangou,com.jiangou.category.controller,CategoryAdminController,30,0,0,0,8,0,5,0,5,0
jiangou,com.jiangou.search.engine,MysqlSearchEngine,219,0,12,0,44,0,14,0,8,0
jiangou,com.jiangou.search.engine,SearchEngineConfig,16,0,4,0,6,0,4,0,2,0
jiangou,com.jiangou.search.engine,MeilisearchSearchEngine,804,0,36,0,134,0,34,0,16,0
jiangou,com.jiangou.project.dto,ProjectDTO,341,0,62,0,8,0,50,0,19,0
jiangou,com.jiangou.webmention.vo,WebmentionVO.WebmentionVOBuilder,98,0,0,0,1,0,10,0,10,0
jiangou,com.jiangou.webmention.vo,WebmentionVO,366,0,62,0,9,0,51,0,20,0
jiangou,com.jiangou.search.controller,SearchAdminController,23,0,0,0,7,0,2,0,2,0
jiangou,com.jiangou.search.controller,SearchController,21,0,0,0,5,0,3,0,3,0
jiangou,com.jiangou.search.service,SearchService,33,0,4,0,10,0,5,0,3,0
jiangou,com.jiangou.search.service,SearchIndexService,729,0,90,0,154,0,66,0,21,0
jiangou,com.jiangou.search.service,MeilisearchIndexRetryService,102,0,12,0,21,0,14,0,8,0
jiangou,com.jiangou.tag.service,TagService,329,0,20,0,83,0,19,0,9,0
jiangou,com.jiangou.friendlink.entity,FriendLinkEntity,556,0,102,0,13,0,80,0,29,0
jiangou,com.jiangou.system.service,SystemSettingService,102,156,8,4,22,25,7,5,3,3
jiangou,com.jiangou.system.service,HomeService,46,0,0,0,14,0,2,0,2,0
jiangou,com.jiangou.system.service,AuditLogService,108,0,0,0,25,0,4,0,4,0
jiangou,com.jiangou.system.service,StatsService,230,0,2,0,49,0,8,0,7,0
jiangou,com.jiangou.note.controller,NotePublicController,48,0,0,0,12,0,4,0,4,0
jiangou,com.jiangou.note.controller,NoteAdminController,65,0,0,0,17,0,6,0,6,0
jiangou,com.jiangou.schedule,MeilisearchRetryScheduler,82,0,8,0,25,0,7,0,3,0
jiangou,com.jiangou.schedule,LikeCounterSyncScheduler,299,0,16,0,62,0,12,0,4,0
jiangou,com.jiangou.schedule,RssScheduler,18,0,0,0,7,0,3,0,3,0
jiangou,com.jiangou.schedule,GitHubSyncScheduler,58,0,2,0,15,0,4,0,3,0
jiangou,com.jiangou.webmention.entity,WebmentionEntity,427,0,78,0,10,0,62,0,23,0
